{
    "appTitle": "Lennon's Audio App",
    
    "audioFiles": [


      {
        "fileName": "New-Adventure-Theme.mp3",
        "trackName": "New Adventure Theme"
      },
      {
        "fileName": "Peanuts-Theme.mp3",
        "trackName": "Peanuts Theme"
      },
      {
        "fileName": "The-Picard-Song.mp3",
        "trackName": "The Picard Song"
      },
      {
        "fileName": "Tempest-Hell.mp3",
        "trackName": "Tempest Hell"
      },
      {
        "fileName": "Neon-Cheese-Irritation.mp3",
        "trackName": "Neon Cheese Irritation"
      },

      {
        "fileName": "Brass-Guitar.mp3",
        "trackName": "Brass Guitar"
      },
      {
        "fileName": "perfect-fart.mp3",
        "trackName": "Choose A Song"
      }
    ],
    
    "spriteData1": {
      "x": 0,
      "y": 400,
      "radius": 30,
      "outerColorR": "120",
      "outerColorG": "20",
      "outerColorB": "70",

      "innerColorR": "200",
      "innerColorG": "30",
      "innerColorB": "20",
      "width": 5
    },
    "spriteData2": {
      "x": 800,
      "y": 400,
      "radius": 30,
      "outerColorR": "10",
      "outerColorG": "100",
      "outerColorB": "100",

      "innerColorR": "30",
      "innerColorG": "210",
      "innerColorB": "100",
      "width": 5
    }
  }